,,휴지통,,
,순,제목,회차,신규
,1,0번째 마법사,,
,2,1년차 만렙 매니저,,
,3,31번째 말은 게임판을 뒤엎는다,,
,4,8클래스 마법사의 회귀,X,
,5,9클래스 소드 마스터 : 검의 구도자,X,
,6,가드패스,,
,7,간신이 나라를 살림,,
,8,감정사는 조회수로 레벨업한다,X,
,9,강호 아포칼립스,,
,10,개신령님과의 49일,,
,11,검과 마법,,
,12,검사님 출세하신다!,,
,13,겁쟁이 피지컬,,
,14,겜잘알,,
,15,"격투 챔피언, 무림에 가다",,
,16,결일문 : 목각사단의 비밀,,
,17,고등패왕전기,,
,18,곤륜마협,,
,19,골든 프린트,,
,20,골든메이지,X,
,21,공략본을 구사하는 최강의 마,,
,22,공헌자,X,
,23,괴식식당,,
,24,구원,,
,25,귀환용사의 골목식당,,
,26,그레이트 써전,X,
,27,극락왕생,,
,28,근육지상주의,,
,29,기사가문 망나니는 10클래스,,
,30,기적의 앱스토어,,
,31,기초 만렙 김대찬,,
,32,길동,X,
,33,나 빼고 다 귀환자,,
,34,나 혼자 자동사냥,,
,35,나는 회귀자가 아닙니다,X,
,36,나의 악당들,,
,37,나인 판타지,,
,38,나태한 마왕은 신과 싸우기로 결심한다,,
,39,나홀로 무한 전직,,
,40,,,
,41,낙인의 플레인워커,,
,42,낙제 현자의 학원무쌍,,
,43,난 할 수 있어,,
,44,"날백수, 스킬 하나로 정점에 서다",,
,45,남궁세가 막내공자,X,
,46,남궁세가 소공자,X,
,47,내 딸은 드래곤!,,
,48,내 딸은 음악천재,,
,49,내 부하들이 미친듯이 유능하다,X,
,50,내 턴은 끝나지 않아,,
,51,내가 미래의 왕?,,
,52,내일의 마법 대륙,,
,53,노력의 만,,
,54,뇌신전생,,
,55,누가 무림맹주를 죽였나,,
,56,눈 떠보니 레벨1,,
,57,뉴비 1일차로 무한 회귀,X,
,58,뉴비 매니지먼트,,
,59,능천,,
,60,다운로더,,
,61,다이아 플레이어,,
,62,다크 판타지의 망캐가 되었다,,
,63,닥터 플레이어,,
,64,대마법사를 위한 고교생활 가이드,,
,65,대장장이 지그,X,
,66,더 게이머 : 판타지아,,
,67,더 로드,,
,68,더 챌린저,,
,69,더스크 하울러,,
,70,데뷔 못 하면 죽는 병 걸림,,
,71,도시 황제의 귀환,,
,72,동방불패,X,
,73,뒤끝작렬,,
,74,드림사이드,,
,75,따봉으로 레벨업,X,
,76,라이프 크라이,,
,77,라지에르의 서,,
,78,래더토너먼트,,
,79,레스큐 시스템,,
,80,리그 오브 아레스,,
,81,리버스 나이트,,
,82,리플 : 버서커,,
,83,마나의 군주,X,
,84,마녀를 지켜라,,
,85,마녀의 세계에서 최강인 것은 물,,
,86,마도사의 탑,,
,87,마도전함 메르티스,,
,88,마도총격: 강철의 스나이퍼,,
,89,마력 0에서 최강,,
,90,마르스 전기,,
,91,마신은 평화롭게 살고 싶다,X,
,92,마왕 전용 사기 시스템,,
,93,마왕은 학원에 간다,,
,94,마왕이 고블린이면 문제라도 있냐!!,X,
,95,마운드 위의 절대자,,
,96,마운틴 스쿨,,
,97,마인화산,X,
,98,마탑의 사서,,
,99,막내,,
,100,막장드라마의 제왕,,
,101,만능장교 성공기,,
,102,만렙 닥터 리턴즈,X,
,103,만렙 무사의 피앙새,,
,104,만렙 플레이어의 100번째 회귀,X,
,105,만렙보스의 부캐생활,,
,106,만렙부터 레벨업,,
,107,만렙으로 사는 법,,
,108,말세강림,,
,109,"망했지만, 아파트 건물주부터 다시 시작",,
,110,머니로드,,
,111,메카드,,
,112,명나라로 돌아가 왕이 되기,,
,113,목표는 만렙염라,,
,114,몬스터로 로그인,,
,115,무공서고의 주인,X,
,116,무신회귀,X,
,117,무적상인의 이세계 벼락부자 이야기,,
,118,무적의 소년,,
,119,무패의 랭커,,
,120,무한마력의 초보검사,,
,121,묵향 디 오리진,,
,122,미각 잃고 최강 요리사,,
,123,미래 USB로 인생역전!,X,
,124,미르의 전설 : 금갑도룡,,
,125,방과 후 특별보충반,,
,126,방송 천재 도사 전우치,,
,127,배우로서 살겠다,,
,128,배우형사 한무율,,
,129,번아웃쇼크,,
,130,베텔게우스,,
,131,변경 도시의 육성자,,
,132,변신합시다,,
,133,복천성주,,
,134,불멸의 투귀,,
,135,불사신왕무쌍기,,
,136,블레스,,
,137,블레이드2 : THE RETURN OF EVIL,,
,138,빌런을 주인공으로 만드는 법,,
,139,빌어먹을 환생,,
,140,빙상매화,,
,141,빙의검신,X,
,142,사기당해서 신선이 되었습니다,,
,143,사립 종합 아카데미 라프라로사,,
,144,사상 최강의 매니저,,
,145,사상최강 불행 남,,
,146,"사실, 그들은 오직 그녀만을 기억하고 있었습니다",,
,147,사업왕 심길후,,
,148,사자의 서,,
,149,삼국지 여포전,,
,150,삼장법사 리턴즈,,
,151,상태창 쓰는 광제님,,
,152,샤먼,,
,153,샤크,,
,154,세계 최속의 레벨업,,
,155,세븐나이츠 : 알카이드,,
,156,소꼽친구의 S급,,
,157,소년 검객,,
,158,소드마스터로 회귀,,
,159,수라전기-악의탄생,,
,160,쉐이드 오브 아케인,X,
,161,스타 X 스타,,
,162,스탯 업,X,
,163,스탯보는 천마님,X,
,164,슬레이브 B,X,
,165,"시스템 마스터, 레벨 1부터 시작하다",,
,166,시스템 최강 이탈자,,
,167,식사하고 가세요,,
,168,,,
,169,신급으로 레벨업,,
,170,신성수호자,,
,171,신세기전,X,
,172,신을 죽이러 갑니다,,
,173,신의 게임의 신,,
,174,신이 쓰는 웹소설,,
,175,심봉사전,,
,176,십미견의 주인,,
,177,아크 더 레전드,X,
,178,악역무쌍,,
,179,악역이지만 즐겁습니다,,
,180,약먹는 천재마법사,,
,181,어딜 봐요 매니저님,,
,182,어쩌다 최강 아빠,,
,183,어쩔 수 없이 지구정복,,
,184,언브레이커블,,
,185,언성 히어로 : 족구를 너무 잘함,,
,186,엄마는 내 성좌,,
,187,에그르고르,,
,188,에버소울 : 영혼의 시작점,,
,189,엔딩메이커,,
,190,엘리온 X 이계 검왕 생존기 콜라,,
,191,연옥학원,,
,192,열혈썸남,,
,193,영존지자,,
,194,오! 필승 김과장,,
,195,오늘도 램프를 주웠다,,
,196,오늘도 훔치러 갑니다,,
,197,올 힘 마법사,X,
,198,올드뉴비 김춘식,X,
,199,왕녀는 미친 척을 한다,,
,200,요리하는 마법사,,
,201,용계진출,,
,202,용기사단에서 나만 고양이 기사,,
,203,용사가 있었는데요,,
,204,용사고교 던전공략과,,
,205,용조대도,,
,206,우리 삼촌은 월드스타,,
,207,운빨,,
,208,원시불멸,,
,209,월령검제,X,
,210,유니언 로드 : 만수귀원,,
,211,이 헌터 실화냐,X,
,212,"이방인, 던전에 뛰어들다",,
,213,이상생물견문록,,
,214,이세계 신격 시스템,,
,215,인생 1000회차에서 살아남기,,
,216,인생 2회차 만등 아이돌,,
,217,인체배양,,
,218,잘 보이는 무림티비,,
,219,잠만 자도 랭커,,
,220,장기대출,,
,221,재벌라이프,,
,222,저승식당,,
,223,적선록,,
,224,전생의 프로가 꿀빠는 법,,
,225,전생하니 내 딸이 마왕,,
,226,전신양생방법,,
,227,전왕,X,
,228,전직고수,,
,229,전투종족으로 환생한 나의 공무원 생활기,X,
,230,절세고존,,
,231,절세반지로 최강고수,,
,232,절세요제,,
,233,절세종주로 귀환하다,,
,234,정복하라 이 세계를,,
,235,제일장문,,
,236,제존회귀록,,
,237,조상님이 로그인하셨습니다,,
,238,종횡구주,,
,239,주인공의 여동생이다,,
,240,죽지 않는 엑스트라,,
,241,지옥에서 독식,,
,242,지옥에서 온 구원자,,
,243,지존신마,,
,244,질풍패도,X,
,245,쪼렙 헌터부터 다시 시작,,
,246,차트 스킬 [사자 소생]을 각성,,
,247,창세계약,,
,248,창조의 법칙,,
,249,창천무신,X,
,250,책만 보고 탑배우!,,
,251,천마님 천하를 뒤집어 놓으셨다,,
,252,천마님의 베이커리,,
,253,천마를 삼켰다,X,
,254,천재 영업사원이 되었다,,
,255,천하제일 표사,X,
,256,천하제일고수 - 학교에 가다,,
,257,천하제일살수,,
,258,청년사업가 김대중,,
,259,초항마대전 서유기,,
,260,최강 검성의 마법 수행,,
,261,최강 고수,,
,262,최강 초능력자가 힘을 숨김,,
,263,최강 헌터로 살아남는 법,,
,264,최강바이러스,,
,265,최후의 만찬,,
,266,치트 스킬 사자소생을 각성,,
,267,치트라,,
,268,카드 마스터,,
,269,카카페 매거진,,
,270,칼데라,,
,271,컨빨,X,
,272,컬렉스 : 메타버스 테이아,,
,273,케모노 프렌즈,,
,274,콜사인,,
,275,큐레이터,,
,276,크라이시스,,
,277,크로니클서울,,
,278,키덜틱 쇼타임,,
,279,킬러지존,,
,280,타고난 사람들,,
,281,타임룰렛,,
,282,"톱스타, 그 자체",,
,283,파공검제,X,
,284,파멸의 마도왕과 골렘 만비,,
,285,폐인무쌍 : 용병왕의 귀환,,
,286,폐인킬러,,
,287,플라워 워,X,
,288,플레이의 역전,,
,289,피아노 천재의 예고 생활,,
,290,하드캐리 서포터,X,
,291,해적 전설 : 붉은 사자와 바다 괴물,,
,292,헌터 에이지,,
,293,현세로 귀환한 최강 신선,,
,294,현질 없이 최강으로,,
,295,현질이 신을 만든다,,
,296,협객행,X,
,297,호위무사,X,
,298,호접몽전,,
,299,혼자 다 해 먹는 먼치킨,X,
,300,혼자 다 해 먹는 천재 암살자,X,
,301,혼전기,,
,302,홈플레이트의 빌런,,
,303,화룡왕,,
,304,환생불사,,
,305,회귀자의 우주전함,,
,306,회귀한 마왕은 착하게 산다,X,
,307,회귀했더니 가문이 망했다,X,
,308,회귀했더니 최강 네크로맨서,,
,309,흑백무제,X,
,310,흑연의 성자 - 추방당한 회복술,,
,311,힐러인데 먼치킨,,
,312,힐통령 - 태양의 사제,X,
,313,MAVE : 또 다른 세계,,
,314,SSS급 영주로 회귀했다,,
,315,,,
,316,,,
,317,,,
,318,,,
,319,,,
,320,,,
,321,,,
,322,,,