,,완결,,시즌 완결,,연재중,,,휴재,
,순,제목,회차,제목,회차,제목,회차,현재회차,제목,회차
,1,10만 년째 오늘을 살던 놈,215 (354),검빨로 레벨업,144,1레벨 플레이어,140,,8만 년 만에 회귀하다,221
,2,70억분의 1의 이레귤러,124,나 홀로 로그인,201,2레벨로 회귀한 무신,218,,검역창궁(106),344
,3,8서클 마법사의 환생,160,낙향문사전,236,66666년 만에 환생한 흑마법사,174,,게임 속 기연이 현실로,93
,4,99만 전생이 날 도와줘,110,도시의 전설,276,검술명가 막내아들,167,,광속으로 레벨업,106
,5,게임이라는 이 세계에 구원을,240 (257),두 번 사는 랭커,217,게임 최강 트롤러,141,,나의 직원이 되어라 - 종말에서 살아남기,100
,6,귀환자의 마법은 특별해야 합니다,269,로그인 무림,251,광마회귀,109,,나홀로 초능력자,170
,7,기적의 물리치료사,106,마법명가 막내아들,123,구천구검,216,,마블 전기 : 파괴의 신의 탄생,111
,8,나 혼자 만렙 귀환자,200,마법학교 마법사로 살아가는 법,121 (133),끝이 아닌 시작,230,,무도독존,454
,9,나 혼자 소설 속 망나니,175,마탄의 사수,219 (220),나 혼자 네크로맨서,161,,무림에 떨어진 현대인,145
,10,나 혼자 천재 DNA,120,만계선종,624,나 혼자 만렙 뉴비,170,,무적환생,105
,11,나 혼자만 레벨업,201,만렙 영웅님께서 귀환하신다!,221,나 혼자 특성빨로 무한 성장,241,,빛의 후예,137
,12,나 홀로 주문 사용자	,229,망나니 하산하다,101,나 홀로 버그로 꿀빠는 플레이어,261,,생존 마스터가 되었다,315
,13,나태한 소드마스터,121,몬스터 헌터로 살아남는 법,112,나노마신,158,,수진단톡방,237
,14,난가기연,218,몬스터헌터,206,나는 될놈이다,288,,신무천존,358
,15,내 딸은 최종 보스,152,무당기협,140 (157),뉴비가 너무 강함,192,,"신인왕좌(재미, 그림X)",293
,16,다른 세계에서 주워왔습니다,277,무적검역,115,랭커의 귀환,220,,악역 플레이어는 강해지고 싶다	,753
,17,대영반,115,무한 레벨업 in 무림,250,레벨업 못하는 플레이어,202,,엘피스 전기 : 절세당문(2023-05-27),298
,18,더 게이머,344,빙의신선,131,뢰신전기,411,,엘피스 전기 : SOUL LAND(2023-05-24)),558
,19,더 라이브,176,술사전기,131,리부트 시스템,500,,원존 : 용의 비상,505
,20,던전 리셋,251,아크,134,링 오브 가디언 ,171,,"의원, 다시 살다",190
,21,던전 씹어먹는 아티팩트,149,오늘부터 플레이어	,150,마황의 귀환,300,,이세계가 체질입니다,250
,22,도사강호,118,이세계에서 로그아웃하는 방법,106,만계 출석 시스템,234,,이세계에서 만렙 찍기,319
,23,도시지존 시스템,104,이세계의 지존 플레이어,178,만고지존,133,,인생 역전,100
,24,드라코런,159,전신귀환,234,만년 후 미래에서 레벨업,151,313,제왕의 귀환,164
,25,드루이드 천재가 너무 강함,100,책 먹는 마법사,114,망나니 소교주로 환생했다,1511,,초월진화,141
,26,랭킹 1위를 영혼까지 털어버림,100,천도 도서관,291,무공으로 레벨업하는 마왕님,191,,학사신공,358
,27,레벨업 닥터 최기석,111,천마육성,144,무련전봉,169,,혼돈의 연단사,478
,28,레벨업에 미친 의사,323,폐급에서 성주까지 레벨업,123,무림세가 전생랭커,193,,화산귀환,152
,29,레벨이 갑이다,100,현질해서 최강으로 레벨업,194,무한의 마법사,139,,흙수저에서 최강 투신으로,198
,30,리 : 플레이어	,180,현천지존,135,뽑기로 강해진 10성급 플레이어,306,,,
,31,리더(Reader)-읽는자,282,"흙수저, 시스템에게 선택받다",293,뽑기로 강해진 SSS급 헌터,238,,,
,32,리셋하여 만렙 플레이어,108,히어로즈 오브 레전드,216,사상최강의 데릴사위,830,,,
,33,마법사 무림에 가다,98,SSS급으로는 부족했다,148,성무신결,143,,,
,34,마황귀환록,300 (334),T.K.R (The killer returns),233,"성자는 개뿔, 현대의학의 힘이다",112,,,
,35,만렙부터 레벨업,103,,,소르골 전기 - 천년전쟁,324,,,
,36,말단 병사에서 군주까지,146,,,스킬빨로 레벨업	,128,,,
,37,무역-운명을 거스르다,341,,,신화급 귀속 아이템을 손에 넣었다,158,,,
,38,미친 재능의 플레이어,114,,,약빨이 신선함,151,,,
,39,백련성신,1262 (1360),,,어웨이크닝 : 회귀 플레이어	,243,,,
,40,백수무적,120,,,얼어붙은 플레이어의 귀환,201,,,
,41,불사무적,270,,,요신기,632,,,
,42,빌런으로 이직하다,220,,,용사파티 대마법사의 환생,150,,,
,43,사상 최강 남주,236,,,일타강사 백사부,111,,,
,44,사상최강,188,,,재능만렙 플레이어,119,,,
,45,상제강림,176,,,전지적 독자 시점,270,,,
,46,수상한 단톡방,467,,,전직 법사,933,,,
,47,슈퍼 큐브: 최강 고딩이 되는 법,429,,,절대검감,169,,,
,48,신과 함께 레벨업,154(165),,,절세무신,566,,,
,49,신들의 알바나라,102,,,지옥에서 돌아온 성좌님,224,197,,
,50,약로전기 : 연단술의 제왕,105,,,차원이동 레벨업,400,,,
,51,업데이터,136,,,천마는 평범하게 살 수 없다,144,,,
,52,역대급 창기사의 회귀,181,,,천화서고 대공자,117,,,
,53,영검존,661,,,초초수련천년,209,,,
,54,왕이 돌아왔도다,301,,,퀘스트 - 지상 최고의 산적,300,,,
,55,요리사가 축복을 숨김,100,,,탑에 갇혀 고인물,145,,,
,56,위대한 가문의 검술 천재가 되었다,173,,,테이밍 마스터,188,,,
,57,은빛 마계왕(재미X),120,,,템빨,278,,,
,58,이런 영웅은 싫어(그림X),301,,,투파창궁,600,,,
,59,이세계의 최강레벨업,202,,,튜토리얼이 너무 어렵다,238,,,
,60,일신상의 이유로 잠시 휴재합니다,116,,,학사검전,145,,,
,61,전설 헌터로 키워지는 중입니다	,320,,,해골병사는 던전을 지키지 못했다,372,,,
,62,좀비의 습격 - 도시의 영웅,100,,,현세로 귀환한 최강 신선,347,,,
,63,지옥에서 돌아온 한대성	,145,,,현실퀘스트,201,,,
,64,쪼렙 헌터부터 다시 시작	,138,,,화타가 된 외과의사,145,,,
,65,책을 읽으면 경험이 쌓여,150,,,회귀로 초월하는 대마도사,178,,,
,66,천검지존,182,,,회귀의 전설,197,234,,
,67,천계구매대행,109,,,회귀한 천재 헌터의 슬기로운 청소생활,145,,,
,68,천재의사 이무진,196,,,회귀했더니 무공 천재,135,,,
,69,천존! 도시에 재림하다,265,,,A.I. 닥터,232,,,
,70,최초의 헌터,102,,,Retry: 다시 한번 최강 신선으로,727,,,
,71,튜토리얼 탑의 고인물,223,,,SSS급 랭커 회귀하다,168,,,
,72,퍼펙트 써전,117,,,SSS급 죽어야 사는 헌터,151,,,
,73,학사귀환,202,,,,,,,
,74,학사신공 선계편,143,,,,,,,
,75,허세로 레벨업 하기!,598,,,,,,,
,76,혼자 레벨업 합니다,183,,,,,,,
,77,환생하여 의사로 살아남기,177,,,,,,,
,78,회귀했는데 FFF급 부두술사,112,,,,,,,
,79,BJ대마도사,144,,,,,,,
,80,SSS급 특성을 받았지만 적당히 살고 싶다,135,,,,,,,