,,시즌 완결,,
,순,제목,회차,신규
,1,권왕무적,390,
,2,귀신을 쫒는 사나이,224,
,3,귀환용사의 골목식당,100,
,4,나 혼자만 레벨업 : 라그나로크,47,
,5,능천신제(130),203,
,6,독보소요(102),359,
,7,론의 지배자 : 회귀하여 세상을 삼키다(147),247,
,8,만계신주,208,
,9,만고검신,137,
,10,만렙종주,215,
,11,무권,300,
,12,무림제일폐 : 월한강천록,207,
,13,방어력만 만렙 플레이어(그림 X),131,
,14,버그로 왕까지,120,
,15,보스 인 스쿨(20),232,
,16,보스몹은 죽을수록 강해진다,240,
,17,부서진 성좌의 회귀,120,
,18,사신,112,
,19,수라전설 독룡,133,
,20,시어스톤(seer stone):수련4만년(감독판),245,
,21,신마천살,108,
,22,신수의 주인,121,
,23,신은 나를 버렸다,264,
,24,아수라게이트,155,
,25,아스테리스크 : 은하수를 걷는 용,110,
,26,아오라,114,
,27,역천지존,193,
,28,영웅 회귀하다,122,
,29,오늘부터 성주,501,
,30,이과로 하드캐리,112,
,31,절세전혼,160,
,32,제천지존,134,
,33,지존중생,121,
,34,최강무혼,101,
,35,칼집의 아이,102,
,36,탐식의 재림,109,
,37,현호전기,232,
,38,혼돈검신,128,
,39,흑룡재림,100,
,40,FFF급 관심용사,172,
,41,G 혼자만 레벨업,204,
,42,,,
,43,,,
,44,,,
,45,,,
,46,,,
,47,,,
,48,,,
,49,,,
,50,,,
,51,,,
,52,,,